id,delivery_time
0x63cd,13.621293
0x2e4d,23.871414
0x69b4,33.315887
0x5ab2,23.384277
0x6afd,22.16558
0xee2b,27.518192
0x8baa,19.642752
0x4dfa,18.891443
0xa7cf,20.582994
0x5a19,33.850006
0x0a1f,33.27742
0xa899,36.032425
0xec55,26.849897
0xfbbd,16.895151
0x1dd4,14.352489
0x2a87,23.510082
0x5e1e,41.94419
0x2cf5,28.90294
0x8645,32.95098
0x6aa4,33.88899
0x1385,27.743843
0x537b,23.804865
0xbe7c,34.27805
0xc9a4,22.709118
0x8b84,22.060081
0xb1ff,25.30292
0x1372,29.294497
0xd213,27.653135
0x6d8d,39.912724
0xd451,27.692213
0x8dda,22.46649
0x3593,28.923628
0xdfe4,21.824242
0x0240,28.583538
0x73dd,15.912247
0x3c9c,15.513395
0xf0d8,22.289413
0x060e,26.428398
0x3aa3,21.7488
0x34d9,17.077429
0x7263,19.167648
0x4191,17.189156
0x78ab,25.480347
0x2a0d,32.11715
0xf559,24.88708
0x3ce6,20.758457
0x6fd7,22.402567
0x1fc3,25.888496
0x0157,37.73052
0x8abc,22.893515
0x9b55,20.169258
0x813a,16.903708
0x8981,21.52618
0x2578,24.034092
0x6530,36.928608
0x9afb,37.543007
0x42cf,28.704487
0xf3ed,27.682673
0xc168,36.544018
0x3d20,21.533842
0xb25d,29.772167
0x53e5,17.669407
0x9ab4,17.13506
0x7e48,38.481102
0xce25,18.62967
0x82b6,43.124092
0x3b62,15.041872
0x6713,22.15832
0x7e68,22.956577
0x8373,23.410748
0x8974,33.05111
0xec26,23.87046
0x02c4,22.998055
0xe8fa,28.828354
0x2b43,18.494211
0x159b,37.07364
0xd666,22.445925
0x489e,17.416056
0x153d,11.740778
0xe100,20.015097
0xe0d0,24.276354
0x3820,36.930485
0x3ff4,41.94598
0xefe3,23.173326
0x7798,15.620841
0xe75a,31.902863
0x9367,16.767004
0x991d,42.43762
0xa6a6,28.709667
0x18e3,41.17587
0x365f,17.76178
0x0d30,19.219906
0x7712,22.123062
0x1329,19.548523
0xe738,13.847212
0xf5c1,15.6644945
0x1f5a,20.828455
0x2962,15.873281
0xe52d,36.387688
0x19a1,17.482477
0xb6bb,23.399422
0x5931,32.257477
0x1382,22.436039
0x930c,13.248685
0xb749,25.132511
0xd6f4,17.29401
0xb18b,48.92488
0x6e56,23.184
0x3256,23.35311
0xa5c9,20.326752
0x1f3b,41.31372
0x5728,31.450287
0x14f2,25.065561
0x8b01,39.10655
0x950c,13.104319
0xa75c,45.28263
0xadbf,21.29418
0x0361,16.336111
0x739e,29.931168
0x051e,18.250084
0x72c1,25.434227
0x6a2f,41.37021
0xf84c,29.85376
0x76c8,23.454218
0xa652,33.714474
0x844f,20.280706
0xc2eb,26.724184
0x2728,24.662483
0xf551,39.340805
0xe204,40.975094
0x89bb,36.020275
0x9b37,14.518171
0xcafe,17.586761
0xc030,22.244896
0xbaa7,27.881996
0x3255,24.761198
0xac06,17.819859
0xab21,24.83346
0x1ef8,31.812286
0xe3bc,38.976048
0x5843,30.823551
0xe2f2,33.658634
0x2ebd,27.718864
0x6b7c,23.582537
0x86b1,35.982574
0x5c59,37.964268
0x379c,16.136683
0xa19f,23.236792
0x39ab,15.79119
0xf743,27.283854
0xb447,16.162539
0x95ca,21.940535
0x09fc,26.525253
0x4a51,24.663887
0x609e,36.420193
0xa6b0,34.628613
0xce4b,16.14815
0x395c,23.563902
0x4930,18.004694
0x3c40,24.40748
0x18eb,25.770994
0xe099,35.637012
0x117c,29.966341
0x8bc6,39.683807
0x037f,36.739704
0xbbae,15.299231
0x0298,27.989723
0x0dbf,17.789799
0xbee9,15.764408
0x9df1,29.824036
0x59ba,50.326733
0x1ddc,20.396307
0x15f9,46.659676
0x238b,21.188993
0x49fa,22.625828
0x2f67,21.053139
0x1160,24.153795
0x76ca,26.046534
0x8e01,25.41624
0x1654,33.34365
0xe22d,20.878483
0x0d6f,35.13848
0x2b86,50.646366
0xd94c,20.04418
0x4d30,17.82234
0xb54e,22.207436
0x1736,19.385654
0x885c,13.682828
0xe689,29.493073
0x85ed,20.223661
0x71f2,30.390835
0x1218,36.043644
0xb0b0,33.345387
0x1998,27.614286
0x9941,18.46418
0xf754,22.600822
0x046d,25.892864
0x603e,39.570816
0xeba4,28.363266
0xeed3,35.75877
0x6229,21.376163
0x37c4,21.160557
0xa2d8,11.673867
0xff64,22.467876
0xe4dc,15.432617
0xe308,14.638643
0xadd8,16.70549
0xb910,27.358446
0x4b58,27.57588
0xb75e,23.247242
0xa15b,34.854713
0xced4,13.546853
0x6682,24.26659
0x383e,22.367481
0x8b2b,13.394813
0xd3ba,23.628912
0x6959,23.16382
0xf102,19.547445
0x2d8c,28.100168
0xc3d0,14.265212
0x94d8,34.215797
0xdcaf,26.914772
0xe4cf,36.154892
0x3e99,39.566628
0xc328,23.087822
0xded9,14.424394
0x4089,29.51118
0xbe0b,22.119719
0xc944,23.298418
0x82d6,31.594145
0xa254,45.29435
0x07fa,25.17373
0x24fd,18.83031
0x05f5,30.110075
0x660f,21.7794
0xb92c,36.932438
0xd944,23.031044
0xcfc4,25.106054
0x8527,34.764057
0x43b1,18.280329
0x1b3b,34.090786
0x8b2d,47.226887
0x17ed,30.437117
0x3684,37.412766
0x6985,20.014606
0xa054,34.616787
0x3deb,28.614094
0x465d,35.715546
0x6f78,41.092815
0xbdc3,35.621376
0xe581,39.224495
0x86f7,31.295961
0xa150,35.447132
0xb976,35.916634
0x6ffc,19.913845
0xb7a1,22.620884
0xc151,48.307568
0xbf68,37.063255
0x09ff,22.629648
0xe00d,25.954325
0x9826,25.936724
0x95da,27.673769
0xba0d,23.45581
0x2b70,44.343822
0x2a78,22.138622
0x8d23,22.36348
0xfc89,28.277613
0x1d0f,22.666555
0x6e90,15.17965
0x113c,43.688858
0x23a6,27.24148
0x4ed1,22.051588
0x63ae,22.885674
0x5144,20.218004
0x4b94,19.904028
0x66da,48.105812
0x1537,11.358761
0x2fea,37.490063
0xc8f1,30.916536
0x7972,16.612787
0xdc2b,22.891047
0x93c3,34.382725
0x437a,36.390095
0xc965,15.8278265
0x6ed7,28.702177
0x1d8c,26.88765
0x62cd,37.461704
0x0e8b,20.529833
0x49b4,22.696516
0x5473,18.838516
0x8412,23.48164
0x7f5c,37.15046
0x9a30,32.647552
0x5f1d,14.604406
0x8c38,37.004772
0x686d,26.746859
0x51e8,23.613863
0x7e6b,37.68179
0x3228,29.81464
0xccb7,37.775726
0xb416,16.121424
0x0f5e,13.266283
0xeaf9,19.527016
0x993f,49.57058
0x2eac,36.156586
0x3fbe,22.008041
0xb249,29.456768
0x5e92,22.099558
0xc326,18.716368
0x4ac7,40.47131
0xc82a,23.44522
0x0b00,18.132814
0xda86,11.750765
0x3d8a,32.959793
0x83ef,15.404738
0x0e59,22.390913
0x74c8,14.036319
0x9b72,26.449253
0x005e,23.42343
0x7594,40.87732
0x41fd,26.802103
0xfbc8,25.08832
0x4a99,26.035686
0x16b7,22.092634
0xfa49,23.365244
0x6c95,28.904089
0x01ee,18.758455
0xaa33,25.54093
0x0dc6,27.1165
0x3dbc,39.842228
0xde9d,18.509266
0xa1b8,27.53636
0x3f56,19.46889
0x6bd6,23.517906
0x69a2,26.23014
0x3494,22.949968
0xd8f9,27.504395
0x0b62,20.319748
0x7791,26.673615
0x372f,32.439304
0x4258,18.789347
0xe6c4,29.879017
0x4558,23.551418
0xebe8,28.444199
0xdbd3,35.06017
0x4fde,27.09131
0x0c2f,43.502857
0x6e1f,37.8771
0x0d8d,47.571503
0xd107,38.080414
0xfe0b,19.783718
0x54f1,17.295885
0x4f4e,25.623259
0x8e84,16.643991
0x451e,28.062647
0x5d7d,19.905172
0x71ba,21.39532
0xa772,26.579826
0xb042,23.529228
0xabd6,23.126545
0x7c40,25.019981
0x9168,23.559353
0x7072,28.77828
0x5eaf,38.849
0x7bda,20.86396
0xfd95,27.4128
0x092a,24.015015
0x7c8f,20.138632
0x75c0,17.901447
0xe27b,29.541237
0xcbb0,19.5235
0x9ec1,38.916157
0xf545,21.398487
0xe5b5,42.34886
0xef87,18.791828
0xb347,27.067507
0x5bfa,41.937675
0x715b,26.410414
0xb3a5,31.99495
0xde86,41.54574
0xc1ad,22.999279
0x1073,22.496895
0x6ef1,28.082705
0x84e3,34.425095
0xfbfb,44.92177
0x06ca,22.875233
0x5530,23.67071
0x7524,27.771772
0x37fb,37.47294
0xb575,21.329468
0x1409,36.048313
0xc374,15.41319
0xf39c,38.831882
0x19fd,25.058807
0x1055,29.74843
0xd4dd,38.849834
0x52da,21.347736
0xaebb,33.53912
0xa700,18.260876
0x3a9f,18.956898
0x33e3,20.989351
0x970b,32.95108
0xba65,31.9735
0xe89d,32.420208
0x1e71,42.071056
0xf7b3,24.893118
0x7c7a,27.125135
0x9896,19.396067
0x2d66,46.536922
0x955a,27.700583
0x854f,42.160122
0x4aca,20.977425
0xa056,13.833396
0x9eb8,13.198437
0xd829,16.134413
0xed59,50.445866
0x035a,29.485327
0xecc9,24.133562
0x4bdb,32.939
0xea3f,24.793194
0x8438,33.092247
0xf6bf,33.887913
0x851d,42.18101
0xedf6,32.088207
0xb1e8,30.267359
0xaac6,18.98752
0xc4e0,20.94116
0xd2be,20.441833
0x474c,20.68908
0x0390,20.302027
0xe66e,44.427963
0xcd37,24.155258
0xee06,22.842472
0xe568,24.339588
0x212a,28.96402
0x34c4,15.030995
0x78c0,17.666368
0x2468,35.090237
0x6580,15.842395
0xad64,17.840115
0xf8ad,25.244385
0xbe9c,21.648066
0x519a,27.228388
0x90d8,20.201677
0x447f,15.141805
0x7466,30.289177
0x83d0,24.555105
0x193c,30.483551
0xf12a,20.280626
0x732e,18.629797
0x64c9,30.757196
0x5340,25.285374
0x6707,28.824818
0xc614,24.627687
0xa2ef,14.871354
0x17f6,33.605026
0x729c,24.286934
0x3c74,38.176613
0x61e6,41.093853
0xad23,20.795406
0xdeb2,23.72478
0x78ea,36.29926
0x6e60,37.705433
0x07ea,42.764263
0x606f,32.067623
0x36d4,18.791956
0x57f8,23.861853
0x352b,35.276066
0x5db2,25.877213
0xc661,16.082075
0xd970,33.197636
0x7764,20.375662
0x75b6,36.14285
0x535e,23.340506
0xaeb3,32.480648
0x23a4,25.198097
0xbf6b,21.37995
0xa154,16.277704
0x16d9,42.073444
0x4d2f,43.05915
0x1b8e,29.403757
0x2513,27.636074
0xf42e,26.647762
0x4042,24.30787
0xe116,26.704391
0xea93,38.28777
0x61a7,22.021011
0x50bd,22.814474
0x730a,27.049795
0xbd95,22.227411
0x595c,28.849321
0x507a,19.898052
0x125d,29.216442
0xc604,41.90223
0x6d60,23.154984
0x6609,22.989
0x6a15,21.152348
0x3f26,19.640411
0x5f7c,39.591206
0x6f90,27.188217
0xe52f,28.474674
0x4a00,37.31776
0x8fb4,30.624037
0x1793,27.194656
0xe2af,14.232918
0xfb77,20.898438
0x23fa,22.036716
0x7b54,39.504852
0x7e69,44.254814
0x21d7,12.455762
0x8a06,33.825626
0x82c9,21.002203
0x336d,26.60186
0x14a3,23.217405
0x3aca,20.314455
0x5d15,23.251146
0xaa94,23.103987
0xf4b3,16.872084
0x64f4,33.582413
0x4132,27.540625
0x97a7,41.44748
0x0168,24.53518
0x9b84,19.320366
0x6dd0,18.480139
0x0750,40.225986
0x944e,18.411922
0x97a8,25.811062
0x7e16,39.41994
0x54a2,25.407148
0xf4aa,20.084415
0xaf35,22.606052
0x7e04,19.150267
0x8f4a,35.746655
0x4b36,27.219143
0x36f2,14.18416
0xad47,25.337597
0x50c9,21.01147
0x3379,22.884819
0xf965,31.379911
0xbb25,21.978373
0x9bca,20.259806
0x9dce,20.65369
0x9bc3,29.948845
0x5d35,36.152134
0xab5a,51.49977
0x5f13,21.974993
0xbaaa,27.293598
0xef82,36.628906
0x07cf,27.738903
0x314d,41.599487
0xda83,40.87898
0x2178,15.236201
0x8fff,33.966606
0x44d6,38.944733
0xa834,25.590252
0x3047,23.995218
0xeade,34.033257
0x676c,40.285393
0xac31,30.017366
0xb7f3,26.946436
0x1f39,26.236893
0xb076,22.240423
0x149b,36.54433
0xa02f,18.627886
0x63fb,32.283764
0x5a23,24.460972
0x4a1f,22.024023
0x959c,20.085169
0xd404,25.597563
0xc8ee,19.149298
0x2ec9,23.356405
0x3f0a,21.723824
0x744d,21.447758
0x5354,14.7317
0x5480,24.156708
0xef09,22.204262
0x4504,12.671623
0x712a,19.511866
0xbb26,32.716843
0xb282,22.891222
0xe734,21.429893
0x11e8,21.814518
0x544d,35.251984
0x9bf8,39.31096
0x2d89,15.041231
0x1c93,19.519272
0xe7d9,21.200338
0x87ae,24.036821
0x2b32,17.472197
0x6b7f,22.338001
0x6e30,19.62372
0x0cfd,39.236027
0x4b1b,34.919582
0xcaec,36.388992
0x0644,20.528597
0xc46d,27.134258
0xf98c,33.066013
0x9931,19.385046
0xc856,28.72471
0xba58,22.388714
0x3bf4,26.644096
0xe833,16.76524
0x1049,26.188734
0xded7,23.752562
0x5acc,24.54896
0xb9f0,20.926449
0x0106,19.942064
0xab6a,26.74175
0x7d61,17.836203
0x3aa4,15.645233
0xdec6,27.502575
0xe29e,23.129812
0xe242,37.66656
0x0df5,22.514551
0x43be,20.531038
0xa49b,27.422508
0x7782,33.52195
0x80ed,19.234322
0x6bc7,45.049423
0xb4e6,23.15107
0x9ffd,17.13024
0x4b0e,25.17382
0xca03,35.24369
0x11b8,22.182032
0x2675,17.16014
0x35e0,28.638725
0x617e,46.978535
0x00b0,21.184347
0x7695,19.827057
0x6bd9,36.57441
0x2ff3,22.851255
0x8b19,29.818022
0xc66d,29.383148
0x1a54,26.323711
0xc186,23.104656
0xd7ec,16.082653
0x4422,18.658413
0x0565,8.2687235
0x468a,14.319033
0xc620,20.613567
0x8bbf,35.45783
0x868d,24.268072
0x1d2f,26.31483
0xf7ae,22.607197
0x39d2,26.77175
0xef7f,24.710287
0xcc72,28.771008
0xf9a5,33.85485
0x8b80,20.096035
0x0e0e,21.39204
0xec70,22.475008
0xccf0,28.57554
0xa9eb,34.51829
0xe840,21.539574
0x1c8b,19.851126
0x688c,17.20698
0x8d78,25.242725
0xa2a5,44.969955
0xa5cc,15.18335
0x23bc,26.827726
0x4a21,18.468
0x4daa,18.069492
0x9feb,23.57728
0xb754,41.897236
0x05e8,19.07614
0xaf37,22.646496
0xbe6d,30.781292
0xd476,20.104944
0x6977,23.000727
0x852b,20.870426
0xbcd5,27.951073
0x492a,38.04514
0x7901,23.984388
0x270c,27.262781
0x618f,26.74593
0x1196,18.439955
0x7d22,14.635064
0xa109,23.419582
0x96db,27.578611
0xedc5,21.635971
0xf646,16.640713
0xccec,20.361744
0x8163,25.721619
0x6bb9,22.747616
0xabea,41.80896
0xf581,13.943149
0x1983,19.988312
0xb8f7,31.340645
0xb225,46.04476
0x1968,22.606571
0xd2e4,20.916859
0x9521,31.589539
0x430e,18.949198
0x5cef,32.295666
0xacb8,25.398848
0x25bc,18.930851
0x5bb3,21.31716
0x9402,29.16463
0x7021,27.69346
0x1905,28.318722
0x211d,29.255184
0xb773,21.161848
0xe97c,18.924866
0xc787,29.376526
0x05cc,19.741577
0xd72e,14.458796
0x497a,27.894346
0xca90,25.084427
0x6d12,34.1737
0x0622,22.779903
0x9934,27.26331
0x2355,29.405502
0x95ea,17.690397
0x2b57,19.654236
0x2478,38.17768
0xa827,30.51863
0xb63f,22.589926
0x3ece,23.77341
0x33b2,22.93239
0x8d8f,31.59871
0x2201,38.262672
0x4e3b,19.861443
0x300d,42.065117
0x4d39,18.623522
0x1a71,20.584673
0xad75,37.856117
0x78a2,24.087965
0x5f40,25.00013
0x0d99,25.161901
0x8bb2,20.24684
0x91f3,37.076485
0x33da,17.087255
0xb676,16.41777
0x33bc,21.36905
0xa95a,21.756176
0x971d,25.22492
0x1768,21.264017
0xbc3c,28.933226
0xdd08,37.330437
0x5845,38.42918
0x8ecf,18.765265
0xc271,28.104961
0x7c0f,34.9804
0xbfe5,20.87747
0xe27a,22.620075
0xe751,21.213892
0xed24,30.515106
0xab04,18.052147
0xc4ce,17.270096
0x13dc,23.972672
0x2d83,17.566181
0xd5b5,28.197802
0x290a,24.871996
0x6972,33.103848
0x7ba6,24.915922
0x89c6,23.27472
0xb798,11.798558
0x5fae,17.813133
0x4abc,19.055878
0x13e4,22.318165
0x23b9,32.138462
0x2009,26.375154
0xa4ff,24.089941
0x3bfb,26.138762
0x2798,29.074078
0x6bbd,16.230858
0x5bf1,21.684896
0xf38b,22.768822
0x275e,45.952877
0xb712,24.31084
0x49c6,36.396606
0xcc53,26.64018
0xa32c,40.077766
0x4bdd,14.411323
0xf93b,23.145306
0x837e,25.90742
0xa42c,19.502302
0x1cf6,19.934248
0xef9e,39.426777
0x8260,31.015436
0x02de,35.467953
0x9184,24.046469
0x0855,20.609737
0x1f3d,21.446991
0x05c5,19.490526
0xeaeb,19.807228
0x7ad4,19.10171
0xc31b,18.717636
0xd998,35.781624
0xd004,21.727016
0x8efc,25.039434
0x553d,33.951225
0xceb8,21.174568
0xf992,35.6328
0x546a,24.836412
0x470c,31.718576
0x12bc,21.971958
0xe685,36.208874
0x4e7f,19.324123
0xa58c,45.29077
0xe91e,28.413849
0x4254,37.654503
0x884f,25.971237
0x4623,33.10075
0x48aa,14.800488
0x90e6,19.194914
0x03ac,16.839802
0x755e,17.451675
0x053e,23.541664
0x92c1,31.779152
0x5987,36.190956
0xb855,25.257463
0xa4f0,24.564243
0x6527,39.52876
0x6cd1,28.389578
0x22cb,20.011421
0xd74b,22.233562
0xae72,28.931824
0x3c47,15.318909
0xc16c,35.92594
0xff9a,46.487904
0xee2c,21.720894
0xea4f,49.45712
0x6c45,21.204523
0xa34d,19.925709
0xfcf9,38.747543
0x8b87,24.41254
0xf782,25.767677
0xfe0f,19.772648
0xa0ea,21.373957
0x05a0,32.73688
0xdef5,20.34119
0x664c,40.243885
0xfa28,28.678587
0x768a,14.785165
0x8f20,27.46007
0x1602,29.293886
0xe8d5,24.605343
0x7909,33.341003
0x3fc3,14.959265
0x07d6,20.487314
0x40f6,29.934202
0x488a,19.141314
0xc943,18.69502
0xe33d,34.615612
0x23af,29.679188
0x28d7,27.496778
0xdb7c,27.4827
0x480c,16.29691
0x1826,20.864668
0x2550,40.190903
0x476f,16.191053
0xefb6,21.433884
0x5a43,25.754955
0x3e8e,11.120004
0xec0e,27.820208
0xe3b3,23.340672
0xdcfb,34.48244
0x3cdd,14.801435
0xbbb6,20.165382
0x4cb4,24.632887
0x32b0,28.591166
0xa886,21.954105
0x8250,22.13946
0x80c7,19.407019
0x3f8f,18.778349
0x21f8,15.77219
0x346e,22.445974
0x93cd,13.533305
0xf7ec,30.14913
0x90f6,19.45575
0x06e1,34.944305
0x1b08,22.630556
0x9c7b,28.55665
0x272b,17.614061
0x259e,27.790426
0x96ae,25.098223
0xa338,35.649723
0xc960,27.724607
0x7b5a,25.506622
0x0f70,33.297195
0x6546,33.14773
0xc1c7,16.451666
0x767f,42.360123
0x7db1,20.988829
0xd42f,24.984571
0x0c6c,40.39934
0x81ee,16.75489
0x8b3a,20.406637
0x91eb,22.381916
0x12f7,27.054468
0x133c,21.35121
0x8de4,22.193605
0x1cef,20.725588
0x77b9,43.295273
0xbb2d,21.457388
0xe03c,24.63136
0x5247,30.546762
0xdbc0,23.267933
0xc310,36.986446
0x58fc,25.747202
0x382f,19.182936
0x2130,36.84445
0xc6c3,30.598513
0x874f,27.910154
0x8844,24.288446
0x79bf,23.104103
0xf649,34.76157
0xec17,20.361227
0xbcb5,18.441294
0xfbab,27.789574
0x1992,17.774965
0x3c86,28.977951
0x8b34,50.113052
0x70f6,24.97676
0x34ca,26.738094
0x7ef3,24.348402
0x9c24,24.904285
0x2c23,27.503664
0x0f02,25.457972
0x72fc,40.36352
0xa005,20.561975
0x4629,13.211395
0xffa7,26.00846
0x73f6,24.270092
0x5646,30.549511
0x2c70,24.386747
0x77c3,21.516594
0x253e,44.053463
0x0eca,25.742954
0xbce0,30.274895
0x6285,15.959451
0x1198,18.29246
0x5697,12.865969
0xe82a,17.978489
0x881c,26.248035
0x2f2c,20.41787
0x0487,25.865364
0x8d9a,24.31321
0xe4ee,20.405367
0xbac1,37.09193
0x3aae,34.455273
0x23e3,32.402824
0xe373,20.809408
0xa8f1,34.283283
0x148d,25.438421
0xac51,29.398083
0x676f,34.964325
0x2855,25.745602
0x8b8a,37.13537
0x07d2,30.531979
0xda8c,22.869871
0xef57,36.593655
0x5c6f,27.518764
0x5961,23.607626
0x38f0,42.64557
0xa6d7,22.057535
0x9c03,17.76952
0xc056,33.712543
0xc6fa,35.28708
0x8f0b,37.212566
0x86d7,28.407217
0x0dec,22.993221
0xb350,21.71515
0x541c,22.100246
0x2a86,22.84523
0x1bda,16.078882
0xb85d,18.92206
0xbd2d,26.164932
0x1447,14.323344
0xfca3,28.379631
0x19cc,22.489523
0x1542,23.12077
0xc825,29.048002
0x3b9d,26.613565
0x413f,24.850534
0x63ff,23.773697
0x5c60,20.494831
0x2f47,20.432625
0x2ec2,13.860759
0x3f36,11.170679
0xa2c3,36.150833
0xe7be,23.874046
0xdcd8,23.521406
0x3409,39.47617
0x66de,41.84756
0xeadf,18.777563
0x3dad,28.412804
0xb909,27.623972
0xbe97,14.198749
0x33d5,34.282925
0xbb8e,31.192102
0xf77d,18.063196
0xface,23.82055
0x3115,17.703024
0x689a,34.035053
0x8e85,35.437057
0x2949,16.355568
0xb3d3,33.234734
0xe8d3,29.553318
0x6a7e,17.404154
0x77c5,20.744076
0x67d2,16.090755
0x60c2,20.277525
0xb6d0,35.1205
0xc262,31.560034
0x6d08,24.807953
0xbcdc,25.015606
0x8370,25.246387
0x7608,25.285133
0x9386,24.272764
0xcd1d,21.367298
0x2389,35.276585
0xbafe,17.935308
0x3020,30.578087
0xcdb9,16.59923
0x6622,44.658066
0xfc74,25.450949
0x587b,44.44873
0x007e,26.836046
0xf145,20.38392
0xdf9c,27.893742
0x3f47,20.10326
0xc401,20.810324
0x0379,22.138607
0x251f,33.33568
0x9ca7,20.975603
0x931e,35.558865
0x0e05,36.46984
0xe30b,36.682064
0x6312,19.065645
0x346f,37.50028
0x9a6a,34.353024
0xe200,17.313126
0x1e5f,20.795061
0x6c27,26.157146
0xaf2c,22.645172
0xdea0,33.99505
0xc2e4,33.885826
0x66d3,39.09649
0x8195,28.856167
0x8e2d,20.576822
0xe420,38.334106
0xf0be,31.998394
0x7c1f,39.958244
0x0777,35.877537
0x00e9,21.924152
0xd667,48.366707
0x88f9,20.636433
0x9139,39.677925
0x1e05,35.20368
0xdd07,34.701523
0x64dc,27.249306
0xe1d3,25.970901
0x2950,31.526497
0x1b7b,26.276575
0x40a1,39.970676
0x8104,19.413998
0x0898,20.856464
0x467b,32.20569
0x766f,23.858677
0x713c,17.59683
0x5008,44.298664
0x2f1a,16.505142
0xe9f5,15.920082
0x452d,23.019596
0x9198,29.039772
0x9cf7,21.756096
0x1948,23.010086
0x0de7,28.365097
0x08f7,19.5524
0x1110,20.124813
0xd77f,22.938389
0x99f4,31.189367
0xe808,19.404339
0xa71c,14.902418
0x834a,33.905315
0xe057,30.735209
0xed70,17.508856
0x06b8,19.519602
0xaeb8,17.763435
0x2b2d,21.486889
0xaff9,24.599203
0x461e,29.580664
0x208d,16.45615
0xc546,28.593527
0x0a0f,26.91585
0xf724,17.956175
0xe1ce,19.556252
0xa7d9,24.546705
0x77d9,35.3556
0x7ce6,26.831362
0x667a,25.212057
0x3661,33.9836
0xf902,27.67186
0x1c40,27.55208
0xb65e,23.500076
0xbbf9,28.363398
0x6af7,38.59503
0x8a7c,19.481438
0x2d87,26.081573
0x7379,29.942156
0x69bd,30.067741
0x9a7e,25.954922
0x90ed,19.666891
0x71d8,23.571129
0x3dde,34.17746
0xb1f7,18.00066
0xf7d5,17.21799
0x5973,22.1744
0x044d,33.30363
0x6646,19.931456
0x3614,18.688345
0x9abc,26.356997
0x7c68,27.491598
0x77e7,17.643024
0xa7ac,21.398952
0x1f5d,22.45047
0xdca7,18.656307
0xba3e,39.02703
0xee70,40.369747
0x09af,26.598076
0x08bb,32.20712
0xfba8,47.17018
0x460d,30.946257
0x88e2,34.128765
0x242a,32.256374
0xdb23,46.21563
0x82a5,31.017012
0x347e,13.822832
0xa134,28.247717
0xe4fa,20.62901
0xccee,32.880398
0xe94c,22.172268
0x1a66,21.128656
0xfc7c,43.52007
0x1d57,32.432526
0xeb13,21.225212
0x6d9e,34.594025
0x3f4e,16.559534
0x8546,27.994364
0x75c3,17.315744
0x96af,21.289728
0xc1f2,16.285656
0x17ad,29.140724
0xa440,27.610458
0x6021,20.106413
0x8890,35.300316
0xbf8f,29.408295
0xf3bc,18.471819
0xeeab,36.662712
0x6d71,31.48349
0x92e9,39.32448
0x2221,24.841867
0x4fa2,41.059364
0x7aab,22.59848
0x4437,48.238007
0xb7ee,32.07483
0x3155,37.322887
0x5212,17.384567
0x30a6,29.715727
0x08d3,38.143173
0x6bfb,14.889739
0xc968,17.999996
0x86ea,22.294601
0xd657,16.112894
0xa91a,35.662136
0x176c,25.107101
0x0308,13.967614
0x7739,20.93365
0x68ec,31.384699
0x1836,30.800344
0x825d,22.8532
0x546f,46.378834
0xedcc,19.302385
0x183f,21.707495
0xc05b,33.833935
0x221f,15.624371
0x9e15,29.119823
0x7508,20.850588
0xfda9,17.045565
0x1e3e,18.91593
0x764c,30.338495
0xfe33,21.712694
0x546e,37.110455
0xa536,45.97057
0xd7b0,21.705256
0x2040,19.44153
0x353b,16.36417
0x1aae,27.642033
0x5c8c,13.498367
0x6d03,29.703524
0x76e7,23.294928
0x6fce,25.38794
0xc5cb,30.443176
0xfcd2,15.857527
0x0121,20.76191
0xc229,43.4256
0x2b99,20.496172
0xea1f,20.375824
0x4737,19.103891
0x420d,23.540249
0x3c2d,15.234514
0x0b0f,40.464592
0x3d4f,21.757494
0xa3d5,36.299347
0x7656,22.69016
0xe151,20.650934
0x09a9,37.887318
0x493f,24.313274
0x50f1,33.76703
0x2e14,15.414401
0x3bf1,25.401352
0x0865,26.630259
0xb898,29.063255
0x1f9c,25.1368
0x1453,21.156158
0x0429,21.150599
0x6d36,40.213684
0x5223,19.078754
0xe051,19.599018
0xbd9d,20.156683
0x753a,49.721035
0x7f04,22.303703
0x0902,31.340036
0xf48f,23.076416
0x8ff9,18.114483
0x3066,25.11557
0xfc78,16.065372
0x11cd,48.482334
0xf0d5,33.426598
0x4483,35.728146
0x1ba9,21.857634
0x3b6f,34.609234
0xb4a0,26.565323
0xc486,21.512106
0x6a24,38.49272
0xdbbe,50.372154
0xbceb,41.096107
0x428d,10.764573
0xcc6e,39.798386
0xfcc9,36.847607
0x1674,36.43224
0xfff2,26.167286
0x4e5e,20.680206
0xdf4c,18.367231
0x7961,22.991774
0x657a,33.12408
0xde3e,21.277668
0xbc63,22.996647
0x3425,29.151306
0x19e4,20.216173
0xe25a,31.479132
0xa21a,23.775135
0x5507,37.176643
0x5b76,23.075195
0x17e9,17.987617
0x684b,23.55915
0x19ed,36.76609
0xaf9b,22.722788
0x3fb6,15.146338
0xfa22,26.446716
0x2934,17.103672
0xc5de,21.340534
0x4f30,16.448484
0xda10,15.471265
0x8880,34.56274
0x6a34,26.37633
0x645e,23.30487
0x50b9,20.337767
0xc10a,17.172924
0x3f27,31.7257
0xf623,32.61896
0x9837,23.389849
0xe017,27.521353
0x6c14,13.012261
0x6d53,38.99939
0x4227,19.595945
0x6820,25.864737
0x07b0,22.023663
0xd2fa,23.280241
0x6160,24.996256
0x4943,20.470373
0xa07f,29.078106
0x317f,43.954624
0xadb7,21.248486
0x006a,11.157415
0x60b5,24.992811
0xab31,25.750044
0xc864,17.429844
0x3008,15.341429
0x0034,22.297464
0xa0c6,24.907507
0x270e,22.841822
0xd84f,30.534592
0x0e26,40.230164
0x2d10,16.671673
0xcf7f,24.23903
0x3419,34.486347
0x84c9,37.63992
0x9821,26.938868
0x89b9,27.831184
0x688f,38.46953
0x0882,22.333914
0xc6f5,19.13911
0xf058,37.039005
0x6c0b,27.506054
0xb072,27.42348
0xb28c,39.847374
0x21a3,27.406239
0x1fd6,25.527344
0x8192,14.302357
0x0062,15.544892
0xb0f3,26.313076
0x29ea,29.180128
0x280a,15.900263
0x9555,14.531162
0xb133,22.0689
0x9107,19.038372
0x0d0d,17.535706
0x92ad,25.777967
0x32be,25.376904
0xf15d,28.45755
0x8365,19.69214
0x1e72,28.87612
0xc1a9,38.107265
0x376b,39.36354
0x56d8,28.144026
0xee60,29.962656
0x1691,36.761368
0xfb84,19.000345
0x1a1a,35.043316
0xd259,24.137094
0xcd4a,18.848616
0x0772,31.154026
0x9b6c,32.600697
0x6022,22.729168
0xff04,19.808844
0x2ac1,20.534292
0xffca,23.337908
0x9a08,24.33527
0x5cc9,25.961111
0xc82f,33.707478
0x198a,27.828821
0x6b87,19.268091
0xdf38,17.830515
0x7e13,25.489555
0x00a2,26.635614
0x78ad,14.1003895
0x0957,21.198965
0xf76c,20.008507
0xb096,37.365456
0xa5b2,30.608679
0xb9df,37.78092
0x16dc,37.831966
0x5809,33.83705
0x9d86,19.917362
0x90d6,32.42879
0x0162,17.163658
0x4d3f,35.45888
0x7f82,23.83071
0x821e,36.81226
0x993c,21.614712
0xc920,20.106562
0xdbaa,18.777199
0xd3eb,18.560387
0x52ab,20.465689
0xacad,18.691599
0xc931,28.284645
0x293e,9.488944
0xad7a,27.820324
0xa77d,30.169092
0x3566,12.302589
0xa6c7,22.105091
0x9360,29.61513
0x4ec2,15.064614
0x5868,23.059252
0xf853,28.632288
0x6bbb,25.476929
0x4576,19.379559
0x9e2e,20.64593
0x7620,22.308123
0x7d25,18.867374
0x0a37,43.060665
0xfd56,36.43723
0xae5e,17.400118
0x8271,21.778252
0x5beb,24.728636
0x41e3,18.883257
0x3617,23.598179
0x0b6a,27.038752
0xf8b7,21.846643
0xb98e,15.949723
0x7a21,15.684063
0x8752,17.985735
0x2ab0,36.315388
0xc6b0,39.72097
0x6d5c,30.577847
0xe8e9,21.895704
0x8ac8,45.588165
0x7490,22.621138
0x8eb0,24.712475
0x77f0,37.395416
0xe1fe,28.763552
0x30aa,19.509327
0xf797,20.524889
0x8cd9,21.004791
0xf82d,14.145481
0x810f,35.00719
0x47d6,22.240778
0x2e2b,28.073645
0x4986,21.335043
0xe9be,13.884713
0x91c6,25.105652
0xcebc,19.207315
0xb4f9,26.52167
0x2c20,40.71758
0xd417,23.292278
0xad54,28.278143
0x88c1,29.15485
0x2276,33.49075
0x5a76,42.39173
0xf752,13.798144
0x4906,22.491003
0xa7db,36.98953
0xe84f,27.204407
0x98c6,30.203856
0x8107,16.96515
0x67ab,15.04829
0x003a,16.969336
0x7191,22.130913
0xfa15,34.151157
0x4c58,31.071232
0xc0d4,46.365158
0xa61b,22.277264
0xc038,18.103628
0x7b3b,22.359432
0x4892,23.090244
0xc550,22.964716
0x8504,32.29152
0x1cc7,24.185118
0xe769,28.615572
0x4eff,36.05661
0x197b,36.388657
0x218b,22.66946
0x69f5,23.34771
0xc452,24.193777
0x88d4,21.001303
0xbe19,29.18934
0x315b,14.48418
0x8ccf,27.88049
0x7d55,22.611177
0xbbf3,18.096128
0x1bf6,22.56517
0xe59f,19.77546
0x344c,21.927866
0x750b,21.709257
0xef48,27.29005
0x8311,30.867994
0x7ab1,26.332336
0x7264,21.967974
0x6b19,27.970379
0xef20,22.96485
0xd3e4,29.362131
0x2c47,30.751373
0x6942,14.642851
0x9013,31.675251
0xcaf2,17.555756
0x10ac,19.93414
0x56e9,19.175983
0x0189,22.23067
0x2057,20.544367
0x1cd8,26.561222
0x3f30,38.186607
0x6416,21.736183
0xbe7b,37.2178
0xb58a,33.503574
0x6d10,37.05082
0x2afb,18.731453
0xc120,29.382751
0xcefa,16.250965
0x6e26,39.52482
0x3674,33.23099
0x5b86,36.684216
0x4a6a,26.667587
0x2969,20.58381
0xeff1,21.18255
0xa73d,17.42593
0xea25,25.797798
0x37e3,29.78086
0xd663,33.480145
0xb9c7,33.572414
0x36da,19.315315
0x7567,20.392445
0xce4c,12.416453
0x0e48,19.547142
0x2f14,35.043262
0xd764,35.050854
0x686b,35.811882
0xba36,21.410877
0x7f2e,38.162136
0x402d,41.28027
0xfd55,34.506596
0x0bc6,18.120396
0xe44e,19.75741
0x8a5a,15.208633
0x9b64,20.682343
0xda84,20.570612
0xf891,19.441742
0x33a1,40.202595
0xfc24,15.811911
0xb0da,40.56175
0x93f3,16.169912
0x961d,26.533003
0xfa8e,23.345322
0xc3c4,20.074528
0xaf39,47.346523
0x7dd3,38.8245
0x80fd,28.09508
0xca44,21.879303
0x69c7,32.185177
0x4608,19.216545
0x507d,38.782013
0x0471,21.56292
0x7603,23.153027
0x053a,20.348198
0x1e1e,18.003698
0xfdba,32.854244
0xc583,23.518356
0xfaac,14.373322
0x2cc9,49.01574
0xed5d,16.876705
0xb2de,18.95899
0x5475,19.270334
0xe07c,20.8382
0x8b44,14.120735
0x613b,29.066122
0xf63c,36.879215
0x1a5c,21.216497
0x12fa,28.526897
0x314c,29.140598
0x0203,12.198211
0x6d2e,18.182049
0x3f3e,20.456251
0x0cf4,23.595291
0x50b8,26.531271
0x292e,37.837894
0x9a97,50.487625
0xd7e6,19.19936
0x81e7,39.58775
0xd3c0,30.233488
0xd21d,30.799397
0x48f9,41.371647
0x4dce,21.440231
0x7276,26.676737
0x4d4d,38.334675
0x5720,23.080704
0x872b,29.09275
0x23ac,16.122816
0x1128,34.770657
0xcf10,50.552826
0x4b1e,25.286627
0x5f76,23.466213
0x0979,19.278538
0x8fca,29.013407
0x1941,15.397234
0x689e,26.220367
0xea45,27.58645
0xc143,35.76022
0x2c7e,30.39821
0x9167,17.76329
0x85f2,19.990862
0x433c,24.745222
0x99a7,24.330444
0x403d,22.446404
0xa632,36.242157
0xbc85,20.280464
0xf1c2,36.124763
0x8253,22.309233
0x499a,23.939707
0x9f75,17.099457
0x38da,17.551504
0x1e49,30.6231
0xcad8,40.942352
0x8df5,29.380096
0x7b95,23.739616
0x5fb4,36.18616
0xb341,29.414377
0x106f,24.641747
0xc0a5,26.965153
0xccb2,16.224293
0x7b39,33.330925
0xf0c9,16.077772
0x1b54,25.389025
0x64a2,22.22802
0x8b09,23.793303
0x41fc,15.344878
0x3606,21.558596
0xfcea,22.851307
0x7325,31.859896
0xef92,15.663988
0xd66f,15.895131
0xedc9,34.84523
0xd73f,29.405087
0xf4a3,27.848248
0xeb67,17.303122
0x83f4,23.416512
0xd464,19.692045
0x7d58,37.65314
0xfb49,32.82107
0xe1da,33.6569
0x08dc,21.53058
0x020b,24.596327
0x8c7f,40.513668
0x69ce,22.09735
0xc3d3,24.416142
0x80ca,24.513601
0xee6d,30.171455
0xcdd3,22.98913
0x99b7,23.321806
0x77f5,21.661524
0x54c2,19.323458
0x6dd2,36.50575
0x39ea,22.717838
0xb2a4,19.621313
0x2d12,22.53468
0xea8b,22.273624
0x34b7,34.714474
0xb7ac,23.623507
0x79bd,27.03398
0xc076,29.94861
0xc1ae,43.392838
0xe104,29.476896
0x7941,23.309124
0xf79f,21.844181
0xc4bf,20.961048
0xac5f,15.815287
0x9051,18.108332
0x4fa3,33.48176
0xac00,23.996866
0x6613,22.402456
0x0869,31.235357
0x1ca5,19.541481
0xbd42,26.20264
0x66eb,25.992172
0x0c02,14.045926
0x1be9,23.19077
0x4f11,17.55434
0x21cf,20.711597
0x49b0,37.801613
0xd519,34.439487
0x2c4f,36.39698
0x8e81,17.773455
0x43b7,16.682045
0x4b52,14.108999
0xeeb9,26.729753
0x662b,27.923439
0x705b,26.586868
0x4136,21.179514
0x170e,24.4682
0x23b8,30.1502
0x1440,30.134445
0xb46e,23.673775
0xb71f,16.168459
0x92ff,15.944154
0x009e,39.333225
0x8418,20.559011
0x0f84,31.995312
0x2fd5,35.102707
0x706d,31.608324
0xf476,15.337808
0xedd6,15.471911
0xdeac,38.722286
0xece0,17.99565
0xf8bc,28.205248
0x96df,25.906872
0x422c,44.340904
0x368b,26.380445
0x75dc,19.715445
0x4060,21.903925
0x594c,28.830118
0x0011,13.584318
0x1866,36.952415
0x1774,22.804953
0xae08,23.5001
0x8382,16.463877
0x2959,18.399233
0xb7b0,28.883715
0xae53,19.474197
0x08c2,37.8082
0x693d,27.319174
0xd823,24.113302
0xe6f2,22.869684
0x597c,41.47195
0x7907,25.557232
0xcbdf,22.082346
0x373d,17.826164
0x4631,46.197647
0x67e1,37.914234
0xc004,37.59908
0x4c0b,12.494057
0xdaf9,15.564774
0x57c2,17.045937
0xe2ea,36.819267
0x9827,22.336863
0x82f5,29.4565
0xd742,21.841978
0x91e4,19.719284
0xaaa4,24.21916
0x3849,25.23996
0xae3b,36.612984
0xb5c6,37.43433
0x9773,39.67753
0x355c,20.90315
0x8d05,27.220587
0xe9b0,24.676744
0xb965,22.491426
0x80e6,25.36829
0x9e4d,26.034657
0x3ac3,36.240513
0x2d4c,17.912989
0x4ea1,40.263668
0x6359,38.266136
0x3410,22.042133
0xaaee,22.082006
0xa90d,21.669733
0xd7ce,18.405697
0x25b3,20.158789
0x60d5,23.120789
0x8bed,25.38067
0x4e86,14.614584
0xab18,18.046247
0x7fb1,25.21924
0x6a55,14.574416
0x8424,39.466343
0xc59e,29.21443
0xf23b,27.104916
0xf61b,36.09229
0x88ac,22.869703
0x68d5,52.13006
0x09d6,29.423124
0xcb55,17.797821
0xc954,40.36997
0x8379,23.168873
0x18ce,25.37221
0xae75,17.552004
0xe721,24.052343
0x4fba,20.29239
0xf345,19.67668
0x3ca6,16.396776
0xbb46,39.15073
0x34ef,26.175667
0xe773,21.424032
0xc58a,39.5723
0x659c,34.90902
0xcc4b,22.904682
0x60ed,20.666172
0x32d1,17.782959
0xbf55,38.339527
0x9ca8,15.853294
0x0f22,29.3314
0x17bf,20.67521
0xf35d,35.903637
0xbbe7,21.955221
0xe951,15.660451
0x2c22,23.615582
0x260b,37.109455
0xef7e,18.089369
0x309c,40.927998
0xf2ea,16.475899
0x471e,18.023472
0x32ef,25.015717
0x7d06,40.71753
0x69dd,30.241673
0xdf7e,31.447834
0xaa2a,28.825373
0xfc90,15.625366
0x8dca,48.327118
0xa4a1,34.14787
0x68ee,20.760174
0xdd80,18.808502
0x540d,24.423847
0xcc87,24.85404
0xb51e,15.396317
0x793c,21.298338
0x6799,25.774895
0xbe9b,39.364864
0xcdc7,38.84575
0xe834,37.275917
0xec04,20.803982
0xfe4d,29.887564
0xd282,18.68196
0xb997,34.08026
0x9127,22.621529
0xf19d,18.76988
0x4c7c,25.242605
0x4f34,22.603426
0x7edb,36.672874
0x73f8,34.81429
0x88f5,23.356186
0x6050,25.727863
0xa414,23.766586
0xc779,25.394033
0xb62f,20.601423
0x1a13,23.532217
0x10d6,36.499187
0xfe79,30.019886
0xa705,16.768929
0xf424,33.004646
0xe2c8,25.971766
0xdffd,26.061155
0xf7e4,21.229618
0x010f,21.026777
0xc503,28.660213
0xbf45,31.703054
0x3c2a,16.27937
0x0b72,35.788666
0x96e3,18.804447
0x2915,28.928198
0xbc36,15.885915
0xd17f,15.090321
0x331a,33.480053
0x06e4,28.455791
0x90f9,26.03883
0x8b46,25.31895
0x6181,26.274595
0x92d8,36.933704
0xde48,17.791714
0x1da0,16.961573
0xe362,31.238173
0x631e,36.659065
0x4478,28.435654
0x75d5,13.715749
0x483a,14.528063
0x9152,26.094507
0x9bab,17.053957
0xbb1f,25.447983
0xcb15,38.005806
0x376a,18.67518
0x2901,35.763718
0xea3a,33.550022
0xc1c4,19.036339
0x2242,28.073736
0xfb44,26.099367
0x193f,25.259205
0x91ec,14.9102745
0x2ebc,20.09514
0xe851,22.710808
0x3efd,25.325443
0xd36d,29.138584
0xe827,24.449156
0x8c60,39.162052
0x8318,17.622665
0x208b,31.678207
0x8d32,22.349339
0xfe14,16.229359
0x873f,23.964968
0x6af1,33.007492
0x2928,28.917812
0xa3a2,34.01211
0xb74a,38.63768
0x3c61,18.39625
0xe8d8,16.892561
0x6f47,21.547916
0x2512,25.689596
0x1278,23.757414
0x7f6e,42.78684
0x533e,30.527216
0x4798,33.631763
0x70c4,46.141582
0xb4f5,22.658241
0xd3e5,28.604204
0x99c2,25.856564
0xc1e0,23.231632
0x090b,14.889105
0x838c,28.203955
0xa296,27.966152
0xd37e,22.708673
0x2591,19.288082
0x466b,25.671375
0xb3da,31.162167
0xd775,35.806866
0x1794,27.42356
0xced3,31.082508
0x247f,18.192516
0x2984,28.017496
0x736c,17.514484
0x15bd,24.506536
0x439b,24.657808
0xb326,29.087687
0x0dcd,27.436586
0x5136,14.1195135
0x32fd,25.200552
0x6346,28.685648
0x61db,22.705915
0x2225,23.842022
0x1611,37.365883
0x363e,22.073368
0x2a3a,16.727036
0x72a0,18.036722
0x2d63,19.086378
0x00f0,21.10761
0x695c,26.97578
0x7d64,21.620028
0xb3c5,22.61772
0xf33a,19.189383
0x3cd8,23.855122
0x1727,37.11118
0xf1fa,21.406197
0x7f26,27.701702
0xf4cc,23.69364
0x0bef,41.04276
0x0fba,27.223482
0x5f23,29.247063
0x286c,22.34859
0xe1ed,20.467928
0xedc0,19.441992
0x293b,14.286628
0x6d8f,26.331026
0x96aa,28.325077
0x6219,19.694954
0x32a0,19.293434
0x1de6,22.606153
0x56e2,23.504736
0x7e1d,33.30726
0xac6d,38.209274
0x0b8a,24.726345
0x3701,18.994427
0xf5b1,20.224314
0xc336,29.360619
0xcef5,31.879213
0x1607,32.082222
0xe98a,25.69985
0x822d,23.139887
0x5634,25.249607
0x99bf,29.589272
0x0d6b,19.785265
0x3e7c,34.84702
0xfafa,29.319098
0x9b47,35.401424
0x3504,32.736618
0xfbfa,39.36427
0xca3f,35.95606
0x460c,25.728249
0x95a3,47.456326
0xb217,22.663935
0xa6f1,29.905954
0xd385,36.98888
0x42a4,24.088863
0xd74a,13.546552
0x14f8,19.960629
0x4e70,22.21596
0x3050,29.746967
0x57b7,35.898308
0xff5b,22.257298
0xea71,22.614576
0xc74b,23.01916
0xf32b,27.585133
0x05e6,19.655739
0x96c8,20.614193
0x652a,22.833405
0xc243,27.119286
0x91ef,22.948412
0x10db,35.33331
0x4712,37.27238
0xb600,18.504442
0x31c9,22.432346
0x100f,26.173916
0xb01a,34.55097
0xf6a4,18.545507
0xa743,18.534595
0xc679,18.316492
0x0f77,29.97867
0x7787,29.385473
0x9165,26.38806
0x2007,16.677774
0x94f3,18.179052
0xe414,21.921001
0x30b4,20.471027
0xd41f,18.165108
0x1104,30.163706
0x60b7,18.258884
0x01d1,33.97061
0xe2fd,30.521353
0xa1c8,35.040802
0xa37b,41.23065
0x7190,21.365862
0x1bcb,24.101406
0x2d77,18.412485
0x47ec,29.479437
0xc1a2,22.395048
0x0129,23.818127
0x2776,24.55162
0x4ff7,28.376095
0xede5,23.8553
0x7ef0,14.619512
0x433e,21.194235
0x6890,21.507084
0xd64b,18.316914
0xf196,16.846457
0x59c7,20.40554
0x280b,20.420465
0x3dcc,25.96135
0x2bda,40.726532
0x82b0,14.71389
0xac82,12.194878
0x8838,15.101946
0x6426,19.917707
0x0ac8,34.889328
0x8b97,30.188896
0xb57e,30.76892
0x3c44,23.761513
0xc107,27.925446
0x35fe,36.777424
0x7b86,22.58441
0xbff7,16.060484
0xba99,29.046932
0x2b61,37.69374
0x0c24,28.102396
0x203f,27.766096
0x0743,20.452023
0x3666,21.696012
0x4ef5,42.078953
0xb76d,25.821606
0x1e5b,36.385086
0x56e7,19.345089
0xd54b,37.754604
0xb0c3,29.446114
0x6562,34.4348
0xfdae,16.768562
0x9843,19.996668
0xe27f,28.266138
0x8c0c,29.35786
0x9f16,29.761404
0x45f2,26.738152
0xef42,34.147972
0xdf67,24.75406
0xe27e,13.9198885
0xdada,23.921349
0xe874,24.270262
0x6f73,21.531008
0x0126,28.513918
0x7382,35.55495
0x583b,25.524763
0x6a9f,39.424683
0xda8f,34.749454
0x5b20,30.51167
0x9fd5,36.683197
0x65d8,30.014692
0x8ec4,27.430141
0x0d39,20.814032
0xaee5,29.249428
0xe394,44.705616
0x4477,25.329348
0x0e51,18.93539
0x008c,16.829145
0x5037,14.7086735
0xdc45,18.521648
0xe77b,23.14444
0x812c,38.178753
0x694e,16.135733
0xc0b3,20.03885
0xf2f7,27.979515
0xdddf,25.226274
0x6180,20.879036
0xcd3c,35.21523
0x91e7,23.725216
0xe7d7,25.127764
0x2275,34.431976
0xfedc,28.355844
0x5f2a,36.032257
0xbdba,18.569134
0xb925,35.469547
0xd05e,19.153877
0x4c48,15.595552
0x6594,21.88843
0x08fb,41.90278
0x6043,36.9235
0x6e6b,38.71437
0xbac6,31.761656
0x05d1,26.124083
0x9f6d,38.562122
0x3a20,22.498358
0xcaa3,20.90449
0x3afd,19.13819
0x9c83,39.26491
0x50ed,28.278208
0x248b,29.067284
0xd4f1,29.769056
0x6d98,25.777441
0xdc0a,21.45812
0xe75d,19.18443
0x9bd4,23.830011
0x9129,12.682634
0xad10,27.130486
0x3b90,26.113615
0x994a,37.15951
0xed79,26.768877
0xe6b6,26.315973
0x36f7,24.430677
0x4130,38.29073
0xff43,28.97549
0x7854,23.827787
0x9cf0,21.56602
0xda76,26.782452
0x5baa,25.501328
0x513d,33.933857
0xddc8,20.616901
0x4789,26.937513
0x1541,20.226202
0x7197,27.933582
0x4ca8,19.765532
0xc9bf,29.074717
0xe628,20.358591
0x950f,42.12911
0xd21a,35.854813
0x5c38,28.745626
0xb7b4,29.908802
0x5460,22.972826
0x42ad,30.63645
0xa53f,28.929749
0xef2a,25.684677
0x9e1a,34.700985
0x67ea,31.001078
0xbf36,12.677263
0x41ca,39.317513
0x05a7,26.94315
0xc390,35.761375
0x1576,19.681711
0x8872,34.202366
0x3af5,22.988794
0x1fdb,35.893307
0xa3b6,21.733868
0xda85,20.23468
0xb206,19.609638
0x0d55,19.963728
0x32b8,37.42714
0xd9ef,12.770275
0x718d,24.853384
0x3ff8,31.463457
0xf940,22.88287
0xff1c,22.485142
0x4f37,21.61481
0xe197,21.30912
0xa657,23.418034
0x9a96,22.150856
0x7e85,20.780487
0xaf8a,28.533588
0xfce1,49.55036
0xbdad,18.003515
0x4eaa,28.05007
0x3018,43.115158
0xe633,22.11115
0xd446,16.42454
0x9fd2,37.59657
0xbd70,36.340214
0xed3b,31.620665
0x57ed,23.63374
0x232e,33.98702
0x98ce,27.082565
0x76ed,23.719183
0x6fc1,25.310888
0xd9f0,34.47584
0x1553,25.15098
0x1f74,39.68436
0x338c,22.374561
0x55c2,14.3916645
0xa1d6,14.647003
0xc233,22.685995
0x1e07,31.312069
0x4bc1,31.891102
0x9251,35.29589
0x5240,22.849762
0x1054,23.421638
0x20b5,24.350513
0x021c,22.302925
0x4e5d,23.934944
0xb0d0,17.298204
0xb0f9,14.782766
0x0202,36.157852
0x74b8,31.860878
0xff33,15.853539
0x70ab,34.342686
0x2139,37.746338
0xee9a,37.75047
0x6cef,22.843513
0x433f,25.577442
0x251c,36.551403
0x5af6,26.973106
0x40c6,20.680553
0x8a53,25.122404
0x4c05,18.95687
0xbaa5,33.433323
0x2e6a,43.29709
0x5f19,19.03668
0xd659,23.485357
0x95aa,20.679998
0xf28b,28.50568
0xb99a,12.753696
0x3347,20.323896
0x03ee,25.985191
0xc8fd,14.212296
0x3c3d,19.394459
0xc3d8,27.715988
0xbddf,20.722448
0x9b7b,24.798872
0x05c8,32.186874
0x9590,35.365147
0x038f,14.6078
0x1ab6,34.73865
0x15bf,20.19567
0x96f7,42.420567
0xeeff,28.301088
0xbc61,20.69442
0x6860,35.6782
0xf2c8,19.871155
0x5f79,21.033033
0xd411,18.659443
0x2dfb,51.212368
0xd7a3,23.112417
0xfb6c,18.406551
0xd432,29.020859
0xce17,23.415976
0x9605,15.770751
0xb497,14.231643
0x36cb,36.077316
0x3391,38.47071
0x09a1,20.762024
0x5bb0,22.950592
0x3834,40.136845
0xcedc,23.160433
0xd584,15.010534
0x0604,23.285383
0x9595,20.998499
0x9dcc,18.480957
0xc9d4,18.22045
0xac09,21.435888
0xda20,32.084553
0x5841,36.573036
0x6667,21.363111
0x7c8b,23.134323
0xf265,17.57148
0x7b96,29.18723
0x3bf6,20.701319
0x626e,22.675224
0x1fae,19.783792
0x4675,28.362963
0xf0ce,12.137426
0x2f9b,17.057842
0x2f3a,21.876772
0x6fb2,25.933712
0x1b72,20.20404
0xfff5,31.52098
0x4c5d,25.308191
0x47a1,30.786324
0x74cf,26.107841
0x27e3,26.06272
0x0a32,19.61107
0x6fb6,21.656975
0x73e1,19.078737
0x0b20,36.35826
0x37b9,20.51977
0x130a,23.972467
0x3ee3,37.328636
0xe01a,29.106892
0x8489,20.806911
0x2909,18.456388
0x6349,40.37133
0x2775,20.655628
0xcdc3,18.49298
0x728f,39.563328
0x89a8,18.93823
0x8adc,29.369276
0x26b6,28.939415
0xea81,27.297142
0x22dd,29.199705
0xdaaf,36.700775
0x95bc,27.878908
0x96c6,29.052505
0xa210,22.64849
0x10b2,32.559498
0x397a,35.400883
0xa164,36.31743
0x3e17,22.225534
0x781d,26.390759
0xde6e,39.00959
0xa95f,34.802185
0x877d,34.877098
0x1efd,15.150486
0xe537,22.82818
0x7f41,16.051966
0xaf6a,30.449133
0x0a19,23.019232
0x2b42,11.385276
0x45a1,16.939539
0xee4e,18.03829
0xb337,19.915352
0x97c2,16.252722
0xf5b8,14.175653
0xa077,15.809289
0x5cd8,36.64073
0x754a,24.69777
0xdfc3,23.062054
0xef9f,21.636389
0x17c7,22.771452
0x0169,15.749306
0x3576,19.958849
0x59f4,24.45306
0x3d29,21.20365
0x73b1,28.517294
0xa6f8,23.452873
0xfbb9,23.7027
0x92ef,23.26872
0x823a,32.064526
0x4c50,16.901785
0x3c20,41.690945
0x72d4,24.67457
0x8b38,31.989029
0xe8a1,24.955988
0xb308,36.508762
0xee9b,20.06371
0x461b,39.243103
0xd0e5,27.614065
0x2d82,21.317495
0x2815,40.930946
0x7f95,23.148874
0x70d6,23.368206
0x514b,33.2548
0x5a0c,25.966911
0xfdaa,22.607965
0x37a7,25.180351
0xabb6,19.889425
0xb72a,34.382767
0x6e92,23.917711
0xb728,15.719017
0x9e7b,37.48073
0x8a0c,24.9025
0xa200,26.737349
0xe9ac,22.434479
0x582f,25.644842
0xe5fa,16.024544
0x6338,29.192472
0xa75e,27.322298
0xc13d,32.8791
0x1d22,29.519232
0xb5d8,21.455458
0x57a4,20.865118
0xe82b,25.503319
0x78ce,31.870447
0xb717,34.280693
0x70df,23.037378
0x7c30,36.43803
0x54d5,28.21198
0x4d1b,25.510132
0xa0e0,21.903156
0xef1e,15.083587
0xb212,40.55093
0x9995,21.588621
0x2763,18.752945
0x52c0,20.18095
0x4ccf,33.741215
0xa129,19.623302
0x4e94,29.795769
0x8600,24.632854
0x6032,21.761425
0x9963,25.869038
0x6793,12.549113
0x5224,32.368687
0x6e54,18.821846
0x8321,31.43265
0xd1a9,20.30825
0x73c4,23.588156
0xfb0a,17.085833
0x3988,28.49761
0x1c54,32.81684
0x519d,16.110794
0x5f1c,24.926382
0xb8b8,29.2043
0x0e01,26.416065
0x3a40,29.453869
0x2608,17.883165
0xbbf7,23.72764
0xd3e8,27.2651
0xc33a,42.0305
0xd1a2,24.732481
0xd7d2,15.947341
0x41ef,23.963074
0x142c,17.16871
0x8e69,36.2536
0x61d0,18.786572
0x357c,24.998232
0x2563,24.888035
0xe8eb,19.769531
0xe527,18.918032
0xc780,32.481243
0x0e94,20.365698
0x3350,15.900288
0xbd17,22.01205
0x483f,20.087412
0x677b,37.553883
0x71a4,23.785257
0x9056,33.423073
0xb085,21.412346
0x79ff,34.8333
0x83fb,17.743837
0x1dd8,21.224924
0x9665,36.96682
0x4300,26.37222
0xe8bd,18.016117
0xb468,22.956066
0xb7de,26.816284
0x801f,15.502862
0xaa60,27.813185
0xd0a2,27.53924
0x0ba5,30.90072
0x442c,25.283838
0xd8c7,24.4786
0x8d3b,14.13281
0x5b77,23.217842
0xb129,18.247622
0x8508,23.49237
0x8156,33.814213
0x8e08,17.761683
0xb04f,46.910576
0x32d6,27.038383
0xa335,21.927729
0x1cd3,24.930763
0xf727,30.358381
0x94aa,22.201487
0x0975,32.926586
0x7813,37.281757
0x103b,27.1081
0xe063,26.351297
0xe437,22.451368
0x53b7,34.80385
0x5d2f,20.679363
0x58c5,17.538685
0x2f02,33.98653
0x5df4,19.894136
0x9300,13.251946
0xbec9,28.868147
0x8e98,28.475904
0x655d,15.428517
0x1486,14.255287
0xc337,27.806108
0xfc9e,27.791853
0xeefa,34.26755
0xfa45,16.79819
0x749f,21.797125
0x80f8,25.507204
0x800a,22.935925
0xbf4a,27.56712
0x3061,30.099619
0x3b53,29.322882
0xf550,26.366549
0x02b7,28.052505
0x45a5,21.936527
0x9b07,32.55252
0x8904,24.384409
0x3c1f,34.21446
0xae82,20.92899
0xd3dd,32.84972
0xac62,31.27791
0x0f9e,14.919018
0x8853,20.00146
0x37c5,16.394176
0xf154,22.203465
0x3a99,31.126106
0x9485,37.484646
0xbcd4,29.021667
0x919d,16.079067
0x5631,37.128117
0x3753,18.427055
0xfe24,16.454693
0x530d,30.568615
0xdc83,36.606728
0x68e5,40.802322
0xac26,20.353981
0xd15a,21.53574
0xa902,18.481901
0x8675,42.060772
0x2023,21.23718
0xf4ce,36.748528
0x3e61,46.715008
